station_id,station_name,lat,lon,timestamp,pm25_ugm3
SCU-01,Santa Clara University,37.3496,-121.939,9/15/26 0:00,6.3
SCU-01,Santa Clara University,37.3496,-121.939,9/15/26 1:00,6.8
SCU-01,Santa Clara University,37.3496,-121.939,9/15/26 2:00,6.5
SCU-01,Santa Clara University,37.3496,-121.939,9/15/26 3:00,7.2
SCU-01,Santa Clara University,37.3496,-121.939,9/15/26 4:00,7.9
SCU-01,Santa Clara University,37.3496,-121.939,9/15/26 5:00,9.1
SCU-01,Santa Clara University,37.3496,-121.939,9/15/26 6:00,8.6
SCU-01,Santa Clara University,37.3496,-121.939,9/15/26 7:00,14
SCU-01,Santa Clara University,37.3496,-121.939,9/15/26 8:00,22.7
SCU-01,Santa Clara University,37.3496,-121.939,9/15/26 9:00,33.1
SCU-01,Santa Clara University,37.3496,-121.939,9/15/26 10:00,55.2
SCU-01,Santa Clara University,37.3496,-121.939,9/15/26 11:00,68
SCU-01,Santa Clara University,37.3496,-121.939,9/15/26 12:00,93.8
scu-01,Santa Clara University,37.3496,-121.939,9/15/26 13:00,116.4
SCU-01,Santa Clara University,37.3496,-121.939,9/15/26 14:00,120.2
SCU-01,Santa Clara University,37.3496,-121.939,9/15/26 15:00,126.6
SCU-01,Santa Clara University,37.3496,-121.939,9/15/26 16:00,116.8
SCU-01,Santa Clara University,37.3496,-121.939,9/15/26 17:00,94.9
SCU-01,Santa Clara University,37.3496,-121.939,9/15/26 18:00,79.8
SCU-01,Santa Clara University,37.3496,-121.939,9/15/26 19:00,63.9
SCU-01,Santa Clara University,37.3496,-121.939,9/15/26 20:00,54.6
SCU-01,Santa Clara University,37.3496,-121.939,9/15/26 21:00,31.6
SCU-01,Santa Clara University,37.3496,-121.939,9/15/26 22:00,16
SCU-01,Santa Clara University,37.3496,-121.939,9/15/26 23:00,13.1
SJ-01,Downtown San Jose,37.3483,-121.895,9/15/26 0:00,7.1
SJ-01,Downtown San Jose,37.3483,-121.895,9/15/26 1:00,7.5
SJ-01,Downtown San Jose,37.3483,-121.895,9/15/26 2:00,8.7
SJ-01,Downtown San Jose,37.3483,-121.895,9/15/26 3:00,NA
SJ-01,Downtown San Jose,37.3483,-121.895,9/15/26 4:00,8.9
SJ-01,Downtown San Jose,37.3483,-121.895,9/15/26 5:00,9.3
SJ-01,Downtown San Jose,37.3483,-121.895,9/15/26 6:00,10.9
SJ-01,Downtown San Jose,37.3483,-121.895,9/15/26 7:00,18.8
SJ-01,Downtown San Jose,37.3483,-121.895,9/15/26 8:00,24.8
SJ-01,Downtown San Jose,37.3483,-121.895,9/15/26 9:00,40.7
SJ-01,Downtown San Jose,37.3483,-121.895,9/15/26 10:00,43.1
SJ-01,Downtown San Jose,37.3483,-121.895,9/15/26 11:00,69.5
SJ-01,Downtown San Jose,37.3483,-121.895,9/15/26 12:00,90.6
SJ-01,Downtown San Jose,37.3483,-121.895,9/15/26 13:00,93.5
SJ-01,Downtown San Jose,37.3483,-121.895,9/15/26 14:00,140
SJ-01,Downtown San Jose,37.3483,-121.895,9/15/26 15:00,136.1
SJ-01 ,Downtown San Jose,37.3483,-121.895,9/15/26 16:00,142.6
SJ-01,Downtown San Jose,37.3483,-121.895,9/15/26 17:00,108.1
SJ-01,Downtown San Jose,37.3483,-121.895,9/15/26 18:00,93.6
SJ-01,Downtown San Jose,37.3483,-121.895,9/15/26 19:00,79.5
SJ-01,Downtown San Jose,37.3483,-121.895,9/15/26 20:00,64.4
SJ-01,Downtown San Jose,37.3483,-121.895,9/15/26 21:00,26.7
SJ-01,Downtown San Jose,37.3483,-121.895,9/15/26 22:00,21.9
SJ-01,Downtown San Jose,37.3483,-121.895,9/15/26 23:00,13.7
GIL-01,Gilroy,37.0058,-121.5683,9/15/26 0:00,6.5
GIL-01,Gilroy,37.0058,-121.5683,9/15/26 1:00,4.9
GIL-01,Gilroy,37.0058,-121.5683,9/15/26 2:00,7.3
GIL-01,Gilroy,37.0058,-121.5683,9/15/26 3:00,4.5
GIL-01,Gilroy,37.0058,-121.5683,9/15/26 4:00,9.3
GIL-01,Gilroy,37.0058,-121.5683,9/15/26 5:00,4.9
GIL-01,Gilroy,37.0058,-121.5683,9/15/26 6:00,6.2
GIL-01,Gilroy,37.0058,-121.5683,9/15/26 7:00,-999
GIL-01,Gilroy,37.0058,-121.5683,9/15/26 8:00,6.1
GIL-01,Gilroy,37.0058,-121.5683,9/15/26 9:00,7.3
GIL-01,Gilroy,37.0058,-121.5683,9/15/26 10:00,5.8
GIL-01,Gilroy,37.0058,-121.5683,9/15/26 11:00,11.3
GIL-01,Gilroy,37.0058,-121.5683,6.9,
GIL-01,Gilroy,37.0058,-121.5683,9/15/26 13:00,8.2
GIL-01,Gilroy,37.0058,-121.5683,9/15/26 14:00,5.6
GIL-01,Gilroy,37.0058,-121.5683,9/15/26 15:00,8.6
GIL-01,Gilroy,37.0058,-121.5683,9/15/26 16:00,8.3
GIL-01,Gilroy,37.0058,-121.5683,9/15/26 17:00,6.3
GIL-01,Gilroy,37.0058,-121.5683,9/15/26 18:00,6.6
GIL-01,Gilroy,37.0058,-121.5683,9/15/26 19:00,6.3
GIL-01,Gilroy,37.0058,-121.5683,9/15/26 20:00,8.6
GIL-01,Gilroy,37.0058,-121.5683,9/15/26 21:00,6.6
GIL-01,Gilroy,37.0058,-121.5683,9/15/26 22:00,7.7
GIL-01,Gilroy,37.0058,-121.5683,9/15/26 23:00,3.5
MH-01,Morgan Hill,37.1305,-121.6544,9/15/26 0:00,4.2
MH-01,Morgan Hill,37.1305,-121.6544,9/15/26 1:00,7
MH-01,Morgan Hill,37.1305,-121.6544,9/15/26 2:00,4.5
MH-01,Morgan Hill,37.1305,-121.6544,9/15/26 3:00,6
MH-01,Morgan Hill,37.1305,-121.6544,9/15/26 4:00,9.2
MH-01,Morgan Hill,37.1305,-121.6544,9/15/26 5:00,9
MH-01,Morgan Hill,37.1305,-121.6544,9/15/26 6:00,11.9
MH-01,Morgan Hill,37.1305,-121.6544,9/15/26 7:00,20.6
MH-01,Morgan Hill,37.1305,-121.6544,9/15/26 8:00,23
MH-01,Morgan Hill,37.1305,-121.6544,9/15/26 9:00,46.3
MH-01,Morgan Hill,37.1305,-121.6544,9/15/26 10:00,62
MH-01,Morgan Hill,37.1305,-121.6544,9/15/26 11:00,99.9
MH-01,Morgan Hill,37.1305,-121.6544,9/15/26 12:00,126.3
MH-01,Morgan Hill,37.1305,-121.6544,9/15/26 13:00,143.2
MH-01,Morgan Hill,37.1305,-121.6544,9/15/26 14:00,164.4
MH-01,Morgan Hill,37.1305,-121.6544,9/15/26 15:00,170.1
MH-01,Morgan Hill,37.1305,-121.6544,9/15/26 16:00,160.4
MH-01,Morgan Hill,37.1305,-121.6544,9/15/26 17:00,138.4
MH-01,Morgan Hill,37.1305,-121.6544,9/15/26 18:00,109
MH-01,Morgan Hill,37.1305,-121.6544,9/15/26 19:00,101
MH-01,Morgan Hill,37.1305,-121.6544,9/15/26 20:00,57.9
MH-01,Morgan Hill,37.1305,-121.6544,9/15/26 21:00,45.1
MH-01,Morgan Hill,37.1305,-121.6544,9/15/26 22:00,-3.2
MH-01,Morgan Hill,37.1305,-121.6544,9/15/26 23:00,18.7
LG-01,Los Gatos,37.2358,-121.9624,9/15/26 0:00,3.9
LG-01,Los Gatos,37.2358,-121.9624,9/15/26 1:00,2.7
LG-01,Los Gatos,37.2358,-121.9624,9/15/26 2:00,4.6
LG-01,Los Gatos,37.2358,-121.9624,9/15/26 3:00,7.2
LG-01,Los Gatos,37.2358,-121.9624,9/15/26 4:00,8.7
LG-01,Los Gatos,37.2358,-121.9624,9/15/26 5:00,9.2
LG-01,Los Gatos,37.2358,-121.9624,9/15/26 6:00,13.3
LG-01,Los Gatos,37.2358,-121.9624,9/15/26 7:00,16.8
 lg-01 ,Los Gatos,37.2358,-121.9624,9/15/26 8:00,26.5
LG-01,Los Gatos,37.2358,-121.9624,9/15/26 9:00,40.5
LG-01,Los Gatos,37.2358,-121.9624,9/15/26 10:00,52.2
LG-01,Los Gatos,37.2358,-121.9624,9/15/26 11:00,74.7
LG-01,Los Gatos,37.2358,-121.9624,9/15/26 12:00,81.6
LG-01,Los Gatos,37.2358,-121.9624,9/15/26 13:00,124
LG-01,Los Gatos,37.2358,-121.9624,9/15/26 14:00,103
LG-01,Los Gatos,37.2358,-121.9624,9/15/26 15:00,147.1
LG-01,Los Gatos,37.2358,-121.9624,9/15/26 16:00,122.3
LG-01,Los Gatos,37.2358,-121.9624,9/15/26 17:00,104.5
LG-01,Los Gatos,37.2358,-121.9624,9/15/26 18:00,92.1
LG-01,Los Gatos,37.2358,-121.9624,9/15/26 19:00,67.3
LG-01,Los Gatos,37.2358,-121.9624,9/15/26 20:00,51.1
LG-01,Los Gatos,37.2358,-121.9624,9/15/26 21:00,30.6
LG-01,Los Gatos,37.2358,-121.9624,9/15/26 22:00,18.1
LG-01,Los Gatos,37.2358,-121.9624,9/15/26 23:00,13
PA-01,Palo Alto,37.4419,-122.143,9/15/26 0:00,5.1
PA-01,Palo Alto,37.4419,-122.143,9/15/26 1:00,6.9
PA-01,Palo Alto,37.4419,-122.143,9/15/26 2:00,4.3
PA-01,Palo Alto,37.4419,-122.143,9/15/26 3:00,4.7
PA-01,Palo Alto,37.4419,-122.143,9/15/26 4:00,4.6
PA-01,Palo Alto,37.4419,-122.143,9/15/26 5:00,7.8
PA-01,Palo Alto,37.4419,-122.143,9/15/26 6:00,8.8
PA-01,Palo Alto,37.4419,-122.143,9/15/26 7:00,9.7
PA-01,Palo Alto,37.4419,-122.143,9/15/26 8:00,19.7
PA-01,Palo Alto,37.4419,-122.143,9/15/26 9:00,26
PA-01,Palo Alto,37.4419,-122.143,9/15/26 10:00,37.3
PA-01,Palo Alto,37.4419,-122.143,9/15/26 11:00,
PA-01,Palo Alto,37.4419,-122.143,9/15/26 12:00,53.7
PA-01,Palo Alto,37.4419,-122.143,9/15/26 13:00,68.2
PA-01,Palo Alto,37.4419,-122.143,9/15/26 14:00,82.5
PA-01,Palo Alto,37.4419,-122.143,9/15/26 15:00,77.4
PA-01,Palo Alto,37.4419,-122.143,9/15/26 16:00,67
PA-01,Palo Alto,37.4419,-122.143,9/15/26 17:00,71.2
PA-01,Palo Alto,37.4419,-122.143,9/15/26 18:00,54.8
PA-01,Palo Alto,37.4419,-122.143,9/15/26 19:00,44.6
,,,,,
PA-01,Palo Alto,37.4419,-122.143,9/15/26 20:00,38.4
PA-01,Palo Alto,37.4419,-122.143,9/15/26 21:00,18.5
PA-01,Palo Alto,37.4419,-122.143,9/15/26 22:00,12.6
PA-01,Palo Alto,37.4419,-122.143,9/15/26 23:00,8.6
FRE-01,Fremont,37.5485,-121.9886,9/15/26 0:00,6.7
FRE-01,Fremont,37.5485,-121.9886,9/15/26 1:00,7.2
FRE-01,Fremont,37.5485,-121.9886,9/15/26 2:00,8.3
FRE-01,Fremont,37.5485,-121.9886,9/15/26 3:00,10.5
FRE-01,Fremont,37.5485,-121.9886,9/15/26 4:00,7.4
FRE-01,Fremont,37.5485,-121.9886,9/15/26 5:00,7.9
FRE-01,Fremont,37.5485,-121.9886,9/15/26 6:00,10.6
FRE-01,Fremont,37.5485,-121.9886,9/15/26 7:00,8.6
FRE-01,Fremont,37.5485,-121.9886,9/15/26 8:00,16.9
FRE-01,Fremont,37.5485,-121.9886,9/15/26 9:00,19.3
FRE-01,Fremont,37.5485,-121.9886,9/15/26 10:00,35.1
FRE-01,Fremont,37.5485,-121.9886,9/15/26 11:00,43.1
FRE-01,Fremont,37.5485,-121.9886,9/15/26 12:00,56.9
FRE-01,Fremont,37.5485,-121.9886,9/15/26 13:00,68.1
FRE-01,Fremont,37.5485,-121.9886,9/15/26 14:00,74.1
FRE-01,Fremont,37.5485,-121.9886,9/15/26 15:00,70.6
FRE-01,Fremont,37.5485,-121.9886,9/15/26 16:00,80.5
FRE-01,Fremont,37.5485,-121.9886,9/15/26 17:00,58.8
FRE-01,Fremont,37.5485,-121.9886,9/15/26 18:00,59.9
FRE-01,Fremont,37.5485,-121.9886,9/15/26 19:00,-999
FRE-01,Fremont,37.5485,-121.9886,9/15/26 20:00,34.3
FRE-01,Fremont,37.5485,-121.9886,9/15/26 21:00,18.9
FRE-01,Fremont,37.5485,-121.9886,9/15/26 22:00,15.4
FRE-01,Fremont,37.5485,-121.9886,9/15/26 23:00,13.6
LIV-01,Livermore,37.6819,-121.768,9/15/26 0:00,5
LIV-01,Livermore,37.6819,-121.768,9/15/26 1:00,6.2
LIV-01,Livermore,37.6819,-121.768,9/15/26 2:00,NA
LIV-01,Livermore,37.6819,-121.768,9/15/26 3:00,4.3
LIV-01,Livermore,37.6819,-121.768,9/15/26 4:00,7.1
LIV-01,Livermore,37.6819,-121.768,9/15/26 5:00,10.1
LIV-01,Livermore,37.6819,-121.768,9/15/26 6:00,8.9
LIV-01,Livermore,37.6819,-121.768,9/15/26 7:00,9.8
LIV-01,Livermore,37.6819,-121.768,9/15/26 8:00,13.7
LIV-01,Livermore,37.6819,-121.768,9/15/26 9:00,16.1
LIV-01,Livermore,37.6819,-121.768,9/15/26 10:00,20
LIV-01,Livermore,37.6819,-121.768,9/15/26 11:00,27.9
LIV-01,Livermore,37.6819,-121.768,9/15/26 12:00,35.2
LIV-01,Livermore,37.6819,-121.768,9/15/26 13:00,41.1
LIV-01,Livermore,37.6819,-121.768,9/15/26 14:00,38.8
LIV-01,Livermore,37.6819,-121.768,9/15/26 15:00,41.7
LIV-01,Livermore,37.6819,-121.768,9/15/26 16:00,36.8
LIV-01,Livermore,37.6819,-121.768,9/15/26 17:00,39.8
LIV-01,Livermore,37.6819,-121.768,9/15/26 18:00,30.7
LIV-01,Livermore,37.6819,-121.768,9/15/26 19:00,24.6
LIV-01,Livermore,37.6819,-121.768,9/15/26 20:00,23.6
LIV-01,Livermore,37.6819,-121.768,9/15/26 21:00,15.2
LIV-01,Livermore,37.6819,-121.768,9/15/26 22:00,13.8
LIV-01,Livermore,37.6819,-121.768,9/15/26 23:00,5.7